{
  "type" : "arObject",
  "data" : {
    "center" : [
      0.0002829432487487793,
      0.44457864761352539,
      -0.00047865509986877441
    ],
    "scale" : [
      1,
      1,
      1
    ],
    "extent" : [
      0.51295280456542969,
      0.86941933631896973,
      0.5514712929725647
    ]
  }
}