{
  "type" : "arObject",
  "data" : {
    "center" : [
      0.00027092546224594116,
      0.10235171020030975,
      0.00030763447284698486
    ],
    "scale" : [
      0.99999994039535522,
      1,
      0.99999994039535522
    ],
    "extent" : [
      0.23986914753913879,
      0.20013222098350525,
      0.23805978894233704
    ]
  }
}